Job,Location,Date Posted,Url
Support Engineering Manager,"Bangalore, Karnataka, India","Jun 14, 2019",
Applied Scientist 2,"Bellevue, Washington, United States","Apr 2, 2019",
Partner Technical Consultant,"Bangalore, Karnataka, India","Aug 26, 2019",
Product and Test Engineer,"Sunnyvale, California, United States","Aug 21, 2019",
Support Engineer,"Bangalore, Karnataka, India","Apr 9, 2019",
Senior Applied Scientist,"Bellevue, Washington, United States","Jul 15, 2019",
Sales/Technical Sales Intern-Guangzhou,"Guangzhou, Guangdong, China","Aug 31, 2018",
Sales/Technical Sales Intern-Shanghai,"Shanghai, Shanghai, China","Aug 31, 2018",
Support Engineer,"Hyderabad, Telangana, India","Aug 27, 2019",
Senior Researcher - Deep Learning,"Redmond, Washington, United States","Aug 13, 2019",
2020 Graduates - Technical Account Manager - Global Domain - Wuxi,"Wuxi, Jiangsu, China","Sep 3, 2019",
Senior Researcher - Human Computer Interaction (EPIC Group),"Redmond, Washington, United States","Oct 17, 2019",
Senior Researcher Cryptography & Privacy,"Redmond, Washington, United States","Oct 28, 2019",
Research Intern - Speech and Dialog Research Group,"Redmond, Washington, United States","Oct 11, 2019",
Support Engineer,"Bangalore, Karnataka, India","Oct 23, 2019",
Sr Software Engineer,"Redmond, Washington, United States","Oct 11, 2019",
AI Apps Domain Translator Intern- Korean/English,"Shanghai, Shanghai, China","Sep 20, 2019",
Senior Product Engineer,"Sunnyvale, California, United States","Oct 4, 2019",
Escalation Engineer - PowerBI,"Redmond, Washington, United States","Nov 5, 2019",
